question,answer
"How do I create an account?","Click the 'Sign Up' button on the homepage, enter your email, and follow the verification steps."
"I forgot my password. How can I reset it?","Click 'Forgot Password' on the login page and use the reset link sent to your email."
"How do I change the email on my account?","Go to Account Settings → Profile → Update Email, then confirm using the verification link."
"How can I delete my account?","Submit an account deletion request through the Contact Us form. Accounts are removed within 48 hours."
"Where can I view my order history?","Open your dashboard and click the Orders section to see all past purchases."
"My payment failed. What should I do?","Check your card details, try another method, or contact your bank if it continues."
"Do you offer refunds?","Yes, refunds are available within 30 days. Submit a request with your order number."
"How long does a refund take?","Refunds typically take 5–7 business days after approval."
"How do I upload a file?","Click the Upload button, select a file, and wait for confirmation. Ensure it is a supported format."
"Why is my upload failing?","The file might be too large, unsupported, or corrupted. Try a different file or format."
"How do I update the app?","The app updates automatically, but you can manually check for updates in Settings → About."
"The website is loading slowly. What should I do?","Refresh the page, clear browser cache, or try another device or internet connection."
"I'm not receiving verification emails. Why?","Check spam, whitelist our email, and ensure your inbox isn’t full. Contact support if needed."
"The app crashes when I open it. How do I fix this?","Restart the device, update the app, and ensure storage space is available. Reinstall if needed."
"How long does shipping take?","Standard shipping takes 3–5 business days, with expedited options at checkout."
"My package says delivered but I can't find it. What should I do?","Check neighbors and building staff. Contact support after 24 hours for investigation."
"Can I change my shipping address after ordering?","Yes, within the first 1–2 hours after ordering. After that, the package may already be in transit."
"How do I contact customer support?","Use the Contact Us form or email support@example.com. Replies come within 24 hours."
"Do you offer live chat?","Yes, available Monday–Friday from 9 AM to 6 PM EST."
"Where can I report a bug?","Go to Help Center → Report an Issue and include a description and screenshots."
"How is my personal information protected?","We use encrypted connections and industry-standard security. We never share data without permission."
"Can I download my stored data?","Yes. Go to Account Settings → Privacy → Download My Data."
"How do I enable two-factor authentication?","Go to Account Settings → Security → Enable 2FA using SMS or an authenticator app."
"How do I cancel my subscription?","Go to Billing → Manage Subscription → Cancel Plan. You can use features until the cycle ends."
"Will I lose my data if I cancel my subscription?","No, your data remains stored but some features become limited."
"Can I switch plans mid-cycle?","Yes. Upgrades apply immediately; downgrades start next billing cycle."
